key,moment,title,body,is-critical,info
announcement-01,2022/03/14 0:00,This is an example announcement,This is an example body,FALSE,http://www.example.com
announcement-02,2022/01/01 0:00,This is an example announcement,This is an example body,FALSE,http://www.example.com
announcement-03,2022/03/14 12:00,This is an example announcement,This is an example body,FALSE,http://www.example.com
announcement-04,2021/12/31 23:59,This is an example announcement,This is an example body,FALSE,http://www.example.com
announcement-05,2022/02/13 23:59,This is an example announcement,This is an example body,FALSE,http://www.example.com
announcement-06,2021/12/31 0:00,This is an example announcement,This is an example body,FALSE,http://www.example.com
announcement-07,2022/03/14 15:09,ğ•¿ğ–ğ–ğ–˜ ğ–ğ–˜ ğ–†ğ–“ ğ–Šğ–ğ–†ğ–’ğ–•ğ–‘ğ–Š ğ–†ğ–“ğ–“ğ–”ğ–šğ–“ğ–ˆğ–Šğ–’ğ–Šğ–“ğ–™,This is an example body,FALSE,http://www.example.com
announcement-08,2022/03/14 15:09,â€¢Â°Â¯`â€¢â€¢   ğŸ€  ğ’¯ğ’½ğ’¾ğ“ˆ ğ’¾ğ“ˆ ğ’¶ğ“ƒ ğ‘’ğ“ğ’¶ğ“‚ğ“…ğ“ğ‘’ ğ’¶ğ“ƒğ“ƒâ¤ğ“Šğ“ƒğ’¸ğ‘’ğ“‚ğ‘’ğ“ƒğ“‰  ğŸ€   â€¢â€¢`Â¯Â°â€¢,This is an example body,FALSE,http://www.example.com
announcement-09,2022/03/14 15:09,Æ¬Î‰IÆ§ IÆ§ Î›ĞŸ Î£XÎ›MPá„‚Î£ Î›ĞŸĞŸÓ¨Ğ¦ĞŸá„ƒÎ£MÎ£ĞŸÆ¬,This is an example body,FALSE,http://www.example.com
announcement-10,2022/03/14 15:09,ThÃ­s Ã­s.Ã¡n;Ã©xamplÃ«:Ã¡nnÃ³unÃ§3'â‚¬nt,This is an example body,FALSE,http://www.example.com
announcement-11,2022/03/14 15:09,ã‚¨å‰ãƒŠå»¶ç„¡,This is an example body,FALSE,http://www.example.com
announcement-12,2022/03/14 15:09,ã„’å„ä¸¨ä¸‚ ä¸¨ä¸‚ å‚å‡  ä¹‡ä¹‚å‚çˆªå©ã„¥ä¹‡ å‚å‡ å‡ ã„–ã„©å‡ åŒšä¹‡çˆªä¹‡å‡ ã„’,This is an example body,FALSE,http://www.example.com
announcement-13,2022/03/14 15:09,This is a text with 100 characters. Lorem Ipsum is simply dummy text of the printing and typesetting,This is an example body,FALSE,http://www.example.com
announcement-14,2022/03/14 15:09,This is an example announcement,ï½²ã‚“ï¾‰ä¸‚ ï¾‰ä¸‚ ï¾‘åˆ€ ä¹‡ï¾’ï¾‘ï¾¶ï½±ï¾šä¹‡ ä¹ƒã®ã‚Šï¾˜,FALSE,http://www.example.com
announcement-15,2022/03/14 15:09,This is an example announcement,ã€Tã€‘ã€hã€‘ã€iã€‘ã€sã€‘ ã€iã€‘ã€sã€‘ ã€aã€‘ã€nã€‘ ã€eã€‘ã€xã€‘ã€aã€‘ã€mã€‘ã€pã€‘ã€lã€‘ã€eã€‘ ã€bã€‘ã€oã€‘ã€dã€‘ã€yã€‘,FALSE,http://www.example.com
announcement-16,2022/03/14 15:09,This is an example announcement,(ã£â—”â—¡â—”)ã£ â™¥ This is an example body â™¥,FALSE,http://www.example.com
announcement-17,2022/03/14 15:09,This is an example announcement,[Ì…Ì²T][Ì…Ì²h][Ì…Ì²i][Ì…Ì²s] [Ì…Ì²i][Ì…Ì²s] [Ì…Ì²a][Ì…Ì²n] [Ì…Ì²e][Ì…Ì²x][Ì…Ì²a][Ì…Ì²m][Ì…Ì²p][Ì…Ì²l][Ì…Ì²e] [Ì…Ì²b][Ì…Ì²o][Ì…Ì²d][Ì…Ì²y],FALSE,http://www.example.com
announcement-18,2022/03/14 15:09,This is an example announcement,TÒ‰hÒ‰iÒ‰sÒ‰ Ò‰iÒ‰sÒ‰ Ò‰aÒ‰nÒ‰ Ò‰eÒ‰xÒ‰aÒ‰mÒ‰pÒ‰lÒ‰eÒ‰ Ò‰bÒ‰oÒ‰dÒ‰yÒ‰,FALSE,http://www.example.com
announcement-19,2022/03/14 15:09,This is an example announcement,Â¸â€.-â€¢~Â¹Â°â€Ë†ËœÂ¨ â“£â’½ğ¢â“¢ Î¹à¸£ ğ•’ğ“ƒ Ñ”Ğ–Î”á—°ğ•¡â„“áº¸ ğğ”¬á—ªğ˜ Â¨ËœË†â€Â°Â¹~â€¢-.â€Â¸,FALSE,http://www.example.com
announcement-20,2022/03/14 15:09,This is an example announcement,This is a text with 100 characters. Lorem Ipsum is simply dummy text of the printing and typesetting,FALSE,http://www.example.com
announcement-21,2022/03/14 15:09,This is an example announcement,This is an example body,TRUE,http://www.example.com
announcement-22,2022/03/14 15:09,This is an example announcement,This is an example body,FALSE,http://www.example.com
announcement-23,2022/03/14 15:09,This is an example announcement,This is an example body,FALSE,null
announcement-24,2022/03/14 15:09,This is an example announcement,This is an example body,FALSE,http://www.acme.com/a?b
announcement-25,2022/03/14 15:09,This is an example announcement,This is an example body,FALSE,https://www.acme.com/a/b
announcement-26,2022/03/14 15:09,This is an example announcement,This is an example body,FALSE,ftp://user:pass@acme.org
announcement-27,2022/03/14 15:09,This is an example announcement,This is an example body,FALSE,http://a.b/c?d&e
announcement-28,2022/05/19 15:09,Acme Toolkits new version,"A new version of acme toolkits is available to the users, please inform us of any errors found",TRUE,null
announcement-29,2022/05/19 15:09,Full money exchange in all pages,All money amount will be shown with a new field with the default currency,TRUE,http://www.example.com
announcement-30,2022/05/19 15:09,Server Testing session,On the day 21/05/2022 from 1:00 pm to 3:00 pm the server will be down do to management issues,FALSE,ftp://user:pass@acme.org
