key,moment,title,author,body,email
chirp-01,2022/03/14 00:00,This is an example chirp,John Doe,This is an example chirp body,example@mail.com
chirp-02,2022/01/01 00:00,This is an example chirp,John Doe,This is an example chirp body,example@mail.com
chirp-03,2022/03/14 12:00,This is an example chirp,John Doe,This is an example chirp body,example@mail.com
chirp-04,2021/12/31 23:59,This is an example chirp,John Doe,This is an example chirp body,example@mail.com
chirp-05,2022/02/13 23:59,This is an example chirp,John Doe,This is an example chirp body,example@mail.com
chirp-06,2021/12/31 00:00,This is an example chirp,John Doe,This is an example chirp body,example@mail.com
chirp-07,2022/05/30 15:09,TÌµÍ˜Í–Ì¯hÌµÌ¿Ì½Ì°iÌµÍ‘Ì³sÌ¶Í Í™Ì» ÌµÌ‰Ì’ÍšÌ«rÌ¸ÍÌÍˆpÌµÍ†Íš,John Doe,This is an example chirp body,example@mail.com
chirp-08,2022/05/30 15:09,ğ•¿ğ–ğ–ğ–˜ ğ–ğ–˜ ğ–†ğ–“ ğ–Šğ–ğ–†ğ–’ğ–•ğ–‘ğ–Š ğ–ˆğ–ğ–ğ–—ğ–•,John Doe,This is an example chirp body,example@mail.com
chirp-09,2022/05/30 15:09,ğŸ’›â™©  ğ•¥â“—ä¸¨ğ¬ Î¹ğ•Š ğšğ”« â’ºğ•©à¸„ğ”ªğ©ğ•ƒğ”¼ Ï‚ğ’½ï½‰â“¡ğ  ğŸ’â™Ÿ,John Doe,This is an example chirp body,example@mail.com
chirp-10,2022/05/30 15:09,âœ©â‹† ğŸ€ ğ’¯ğ’½ğ’¾ğ“ˆ ğ’¾ğ“ˆ ğ’¶ğ“ƒ ğ‘’ğ“ğ’¶ğ“‚ğ“…ğ“ğ‘’ ğ’¸ğ’½ğ’¾ğ“‡ğ“… ğŸ€ â‹†âœ©,John Doe,This is an example chirp body,example@mail.com
chirp-11,2022/05/30 15:09,Õ‡Ñ’à¹€à¸£ à¹€à¸£ à¸„à¸  Ñ”×à¸„à¹“×§É­Ñ” Ï‚Ñ’à¹€Ğ³×§,John Doe,This is an example chirp body,example@mail.com
chirp-12,2022/05/30 15:09,TÔ‹Î¹Ê‚ Î¹Ê‚ Î±É³ Ò½xÎ±É±ÏÊ…Ò½ ÆˆÔ‹Î¹É¾Ï,John Doe,This is an example chirp body,example@mail.com
chirp-13,2022/05/30 15:09,This is a text with 100 characters. Lorem Ipsum is simply dummy text of the printing and typesetting,John Doe,This is an example chirp body,example@mail.com
chirp-14,2022/05/30 15:09,This is an example chirp,John,This is an example chirp body,example@mail.com
chirp-15,2022/05/30 15:09,This is an example chirp,John T. Doe,This is an example chirp body,example@mail.com
chirp-16,2022/05/30 15:09,This is an example chirp,"Doe, John",This is an example chirp body,example@mail.com
chirp-17,2022/05/30 15:09,This is an example chirp,AnaÃ¯s PengÃ¼iÃ±Ã³n,This is an example chirp body,example@mail.com
chirp-18,2022/05/30 15:09,This is an example chirp,Ğ˜Ğ¾Ğ°Ğ½Ğ½ Ğ ÑƒÑÑĞºĞ¸Ğ¹,This is an example chirp body,example@mail.com
chirp-19,2022/05/30 15:09,This is an example chirp,Î“Î¹Î¬Î½Î½Î·Ï‚ Î¿ ÎˆÎ»Î»Î·Î½Î±Ï‚,This is an example chirp body,example@mail.com
chirp-20,2022/05/30 15:09,This is an example chirp,This is a text with 100 characters. Lorem Ipsum is simply dummy text of the printing and typesetting,This is an example chirp body,example@mail.com
chirp-21,2022/05/30 15:09,This is an example chirp,John Doe,â“‰â“—â“˜â“¢ â“˜â“¢ â“â“ â“”â“§â“â“œâ“Ÿâ“›â“” â“’â“—â“˜â“¡â“Ÿ â“‘â“â““â“¨,example@mail.com
chirp-22,2022/05/30 15:09,This is an example chirp,John Doe,ğŸ…ƒğŸ„·ğŸ„¸ğŸ…‚ ğŸ„¸ğŸ…‚ ğŸ„°ğŸ„½ ğŸ„´ğŸ…‡ğŸ„°ğŸ„¼ğŸ„¿ğŸ„»ğŸ„´ ğŸ„²ğŸ„·ğŸ„¸ğŸ…ğŸ„¿ ğŸ„±ğŸ„¾ğŸ„³ğŸ…ˆ,example@mail.com
chirp-23,2022/05/30 15:09,This is an example chirp,John Doe,TÌ½Í“hÌ½Í“iÌ½Í“sÌ½Í“ Ì½Í“iÌ½Í“sÌ½Í“ Ì½Í“aÌ½Í“nÌ½Í“ Ì½Í“eÌ½Í“xÌ½Í“aÌ½Í“mÌ½Í“pÌ½Í“lÌ½Í“eÌ½Í“ Ì½Í“cÌ½Í“hÌ½Í“iÌ½Í“rÌ½Í“pÌ½Í“ Ì½Í“bÌ½Í“oÌ½Í“dÌ½Í“yÌ½Í“,example@mail.com
chirp-24,2022/05/30 15:09,This is an example chirp,John Doe,Tá•¼Iá”• Iá”• á—©á‘ Eá™­á—©á—°á‘­á’ªE á‘•á•¼Iá–‡á‘­ á—·Oá—ªY,example@mail.com
chirp-25,2022/05/30 15:09,This is an example chirp,John Doe,Ñ‚Ğ½Î¹Ñ• Î¹Ñ• Î±Î· Ñ”Ï‡Î±Ğ¼Ïâ„“Ñ” Â¢Ğ½Î¹ÑÏ Ğ²Ïƒâˆ‚Ñƒ,example@mail.com
chirp-26,2022/05/30 15:09,This is an example chirp,John Doe,áµ€Ê°â±Ë¢ â±Ë¢ áµƒâ¿ áµ‰Ë£áµƒáµáµ–Ë¡áµ‰ á¶œÊ°â±Ê³áµ– áµ‡áµ’áµˆÊ¸,example@mail.com
chirp-27,2022/05/30 15:09,This is an example chirp,John Doe,This is a text with 255 characters. Lorem Ipsum is simply dummy text of the printing and typesetting industry. Lorem Ipsum has been the industry standard dummy text ever since the 1500s when an unknown printer took a galley of type and scrambled it to mak,example@mail.com
chirp-28,2022/05/30 15:09,This is an example chirp,John Doe,This is an example chirp body,cdburgess+!#$%&'*-/=?+_{}|~test@gmail.com
chirp-29,2022/05/30 15:09,This is an example chirp,John Doe,This is an example chirp body,+@b.c
chirp-30,2022/05/30 16:09,This is an example chirp,John Doe,This is an example chirp body,calwooyayhoopla@iamcal.com
chirp-31,2022/05/30 16:09,This is an example chirp,John Doe,This is an example chirp body,{_test_}@iana.org
chirp-32,2022/05/30 16:15,This is an example chirp,John Doe,ğŸ…ƒğŸ„·ğŸ„¸ğŸ…‚ ğŸ„¸ğŸ…‚ ğŸ„°ğŸ„½ ğŸ„´ğŸ…‡ğŸ„°ğŸ„¼ğŸ„¿ğŸ„»ğŸ„´ ğŸ„²ğŸ„·ğŸ„¸ğŸ…ğŸ„¿ ğŸ„±ğŸ„¾ğŸ„³ğŸ…ˆ,example@mail.com
chirp-33,2022/05/30 16:15,This is an example chirp,John Doe,TÌ½Í“hÌ½Í“iÌ½Í“sÌ½Í“ Ì½Í“iÌ½Í“sÌ½Í“ Ì½Í“aÌ½Í“nÌ½Í“ Ì½Í“eÌ½Í“xÌ½Í“aÌ½Í“mÌ½Í“pÌ½Í“lÌ½Í“eÌ½Í“ Ì½Í“cÌ½Í“hÌ½Í“iÌ½Í“rÌ½Í“pÌ½Í“ Ì½Í“bÌ½Í“oÌ½Í“dÌ½Í“yÌ½Í“,example@mail.com
chirp-34,2022/05/30 16:15,This is an example chirp,John Doe,Tá•¼Iá”• Iá”• á—©á‘ Eá™­á—©á—°á‘­á’ªE á‘•á•¼Iá–‡á‘­ á—·Oá—ªY,example@mail.com
chirp-35,2022/05/30 16:15,This is an example chirp,John Doe,Ñ‚Ğ½Î¹Ñ• Î¹Ñ• Î±Î· Ñ”Ï‡Î±Ğ¼Ïâ„“Ñ” Â¢Ğ½Î¹ÑÏ Ğ²Ïƒâˆ‚Ñƒ,example@mail.com
chirp-36,2022/05/30 16:15,This is an example chirp,John Doe,áµ€Ê°â±Ë¢ â±Ë¢ áµƒâ¿ áµ‰Ë£áµƒáµáµ–Ë¡áµ‰ á¶œÊ°â±Ê³áµ– áµ‡áµ’áµˆÊ¸,example@mail.com
chirp-37,2022/05/30 16:18,This is an example chirp,John Doe,This is a text with 255 characters. Lorem Ipsum is simply dummy text of the printing and typesetting industry. Lorem Ipsum has been the industry standard dummy text ever since the 1500s when an unknown printer took a galley of type and scrambled it to mak,example@mail.com
chirp-38,2022/05/30 16:18,This is an example chirp,John Doe,This is an example chirp body,cdburgess+!#$%&'*-/=?+_{}|~test@gmail.com
chirp-39,2022/05/30 16:39,This is an example chirp 39,John Doe 39,This is an example chirp body 39,+@b.c
chirp-40,2022/05/30 16:40,This is an example chirp 40,John Doe 40,This is an example chirp body 40,calwooyayhoopla@iamcal.com
chirp-41,2022/05/30 16:41,This is an example chirp 41,John Doe 41,This is an example chirp body 41,{_test_}@iana.org
chirp-42,2022/05/30 16:42,This is an example chirp 42,John Doe 42,This is an example chirp body 42,+@b.c
chirp-43,2022/05/30 16:43,This is an example chirp 43,John Doe 43,This is an example chirp body 43,calwooyayhoopla@iamcal.com