key,sequenceNumber,creationTime,memorandum,info
patronageReport-01,AAA-123:0001,17/03/2022 0:00,This is an memorandum example,https://example.com
patronageReport-02,AAA-124-B:9999,17/03/2022 0:00,This is an memorandum example,https://example.com
patronageReport-03,ZZZ-999-Z:1247,17/03/2022 0:00,This is an memorandum example,https://example.com
patronageReport-04,AAA-000-A:0002,17/03/2022 0:00,This is an memorandum example,https://example.com
patronageReport-05,OOO-000-O:0000,17/03/2022 0:00,This is an memorandum example,https://example.com
patronageReport-06,III-111:1111,17/03/2022 0:00,This is an memorandum example,https://example.com
patronageReport-07,AAA-123:0001,31/12/2022 23:59,This is an memorandum example,https://example.com
patronageReport-08,AAA-123:0001,01/01/2023 0:00,This is an memorandum example,https://example.com
patronageReport-09,AAA-123:0001,29/02/2020 12:59,This is an memorandum example,https://example.com
patronageReport-10,AAA-123:0001,02/02/2002 2:22,This is an memorandum example,https://example.com
patronageReport-11,AAA-123:0001,12/12/2020 12:12,This is an memorandum example,https://example.com
patronageReport-12,AAA-123:0001,28/02/2020 0:00,This is an memorandum example,https://example.com
patronageReport-13,AAA-123:0001,17/03/2022 0:00,The patronage is going really well we are expecting a new inventions soon by your part. However we do not want to feel pressure we know that inventions can only truly form in an environment where the mind of creators is truly free of any distress. Goodbye,https://example.com
patronageReport-14,AAA-123:0001,17/03/2022 0:00,οι εφευρέσεις σου είναι πολύ καλές και περίμενα πολύ καλά πράγματα από σένα,https://example.com
patronageReport-15,AAA-123:0001,17/03/2022 0:00,"твої винаходи дійсно круті, і я очікував від тебе справді хороших речей",https://example.com
patronageReport-16,AAA-123:0001,17/03/2022 0:00,твои изобретения очень крутые,https://example.com
patronageReport-17,AAA-123:0001,17/03/2022 0:00,あなたの発明は本当にクールです、そして私はあなたに本当に良いことを期待していました,https://example.com
patronageReport-18,AAA-123:0001,17/03/2022 0:00,"ʨ""""""""<>:;ç-_-�&&&& ???''''''/*\ººª@",https://example.com
patronageReport-19,AAA-123:0001,17/03/2022 0:00,This is an memorandum example,http://example.com
patronageReport-20,AAA-123:0001,17/03/2022 0:00,This is an memorandum example,https://8.8.8.8/
patronageReport-21,AAA-123:0001,17/03/2022 0:00,This is an memorandum example,https://www.youtube.com/watch?v=N2p_JFF4lR0
patronageReport-22,AAA-123:0001,17/03/2022 0:00,This is an memorandum example,http://example.com/A/B
patronageReport-23,AAA-123:0001,17/03/2022 0:00,This is an memorandum example,http://example.try.com/op?=12/A
patronageReport-24,AAA-123:0001,17/03/2022 0:00,This is an memorandum example,Null