key,sequenceNumber,creationTime,memorandum,info,
patronageReport-01,FYD-025-D:0001,2022/03/17 0:00,This is an memorandum example,https://example.com,patronage-01
patronageReport-02,FYD-025-D:9999,2022/03/17 0:00,This is an memorandum example,https://example.com,patronage-01
patronageReport-03,ZZZ-999-Z:1247,2022/03/17 0:00,This is an memorandum example,https://example.com,patronage-02
patronageReport-04,AAA-000:0002,2022/03/17 0:00,This is an memorandum example,https://example.com,patronage-03
patronageReport-05,OOO-000-O:0000,2022/03/17 0:00,This is an memorandum example,https://example.com,patronage-04
patronageReport-06,III-111:1111,2022/03/17 0:00,This is an memorandum example,https://example.com,patronage-05
patronageReport-07,FYD-025-D:0001,2022/12/31 23:59,This is an memorandum example,https://example.com,patronage-01
patronageReport-08,FYD-025-D:0001,2023/1/1 0:00,This is an memorandum example,https://example.com,patronage-01
patronageReport-09,FYD-025-D:0001,2020/02/29 12:59,This is an memorandum example,https://example.com,patronage-01
patronageReport-10,FYD-025-D:0001,2002/02/02 2:22,This is an memorandum example,https://example.com,patronage-01
patronageReport-11,FYD-025-D:0001,2020/12/12 12:12,This is an memorandum example,https://example.com,patronage-01
patronageReport-12,FYD-025-D:0001,2020/02/28 0:00,This is an memorandum example,https://example.com,patronage-01
patronageReport-13,FYD-025-D:0001,2022/03/17 0:00,The patronage is going really well we are expecting a new inventions soon by your part. However we do not want to feel pressure we know that inventions can only truly form in an environment where the mind of creators is truly free of any distress. Goodbye,https://example.com,patronage-01
patronageReport-14,FYD-025-D:0001,2022/03/17 0:00,οι εφευρέσεις σου είναι πολύ καλές και περίμενα πολύ καλά πράγματα από σένα,https://example.com,patronage-01
patronageReport-15,FYD-025-D:0001,2022/03/17 0:00,"твої винаходи дійсно круті, і я очікував від тебе справді хороших речей",https://example.com,patronage-01
patronageReport-16,FYD-025-D:0001,2022/03/17 0:00,твои изобретения очень крутые,https://example.com,patronage-01
patronageReport-17,FYD-025-D:0001,2022/03/17 0:00,あなたの発明は本当にクールです、そして私はあなたに本当に良いことを期待していました,https://example.com,patronage-01
patronageReport-18,FYD-025-D:0001,2022/03/17 0:00,"ʨ""""""""<>:;ç-_-�&&&& ???''''''/*\ººª@",https://example.com,patronage-01
patronageReport-19,FYD-025-D:0001,2022/03/17 0:00,This is an memorandum example,http://example.com,patronage-01
patronageReport-20,FYD-025-D:0001,2022/03/17 0:00,This is an memorandum example,https://8.8.8.8/,patronage-01
patronageReport-21,FYD-025-D:0001,2022/03/17 0:00,This is an memorandum example,https://www.youtube.com/watch?v=N2p_JFF4lR0,patronage-01
patronageReport-22,FYD-025-D:0001,2022/03/17 0:00,This is an memorandum example,http://example.com/A/B,patronage-01
patronageReport-23,FYD-025-D:0001,2022/03/17 0:00,This is an memorandum example,http://example.try.com/op?=12/A,patronage-01
patronageReport-24,FYD-025-D:0001,2022/03/17 0:00,This is an memorandum example,Null,patronage-01
